,Artist,Title,Mix,BPM,Genre,Label,Year,Number of Artists,Artist_1,Artist_2,Artist_3,Artist_4,Artist_5,Artist_6
0,"2Pac, Chris Starr, T.I. ft. Snoop Dogg",Pac's Life,N/A,95,N/A,Interscope,2006,4,2Pac,Chris Starr,T.I.,Snoop Dogg,,
1,2Pac ft. Snoop Dogg,2 Of Americaz Most Wanted,N/A,99,Rock,Death Row/Interscope,2013,2,2Pac,Snoop Dogg,,,,
2,2 Pac w/ Snoop Doggy Dogg,2 Of Amerikkaz Most Wanted,N/A,99,Hip-Hop,Death Row/interscope Records,1996,2,2 Pac,Snoop Doggy Dogg,,,,
3,"40 Glocc ft. Sevin, E-40, Snoop Dogg, Too Short, & Xzibit",Welcome To California,Instrumental,81,N/A,Zoolife,2011,6,40 Glocc,Sevin,E-40,Snoop Dogg,Too Short,& Xzibit
4,"40 Glocc ft. Sevin, E-40, Snoop Dogg, Too Short, & Xzibit",Welcome To California,Clean Edit,81,Urban,Zoolife,2011,6,40 Glocc,Sevin,E-40,Snoop Dogg,Too Short,& Xzibit
5,"40 Glocc ft. Sevin, E-40, Snoop Dogg, Too Short, & Xzibit",Welcome To California,N/A,81,N/A,Zoolife,2011,6,40 Glocc,Sevin,E-40,Snoop Dogg,Too Short,& Xzibit
6,"40 Glocc ft. Sevin, E-40, Snoop Dogg, Too Short, & Xzibit",Welcome To California,(Explicit),82,N/A,Zoolife,2011,6,40 Glocc,Sevin,E-40,Snoop Dogg,Too Short,& Xzibit
7,50 Cent Feat. Snoop Dogg And Lloyd Banks & Young Buck of G-Unit,P.i.m.p.,Remix,85,N/A,Shady/aftermath/interscope Records,2003,4,50 Cent,Snoop Dogg,Lloyd Banks,Young Buck of G-Unit,,
8,50 Cent ft. Snoop Dogg & G-Unit,P.I.M.P.,Remix,85,N/A,Shady/Aftermath/Interscope,2007,3,50 Cent,Snoop Dogg,G-Unit,,,
9,50 Cent ft. Snoop Dogg & G-Unit,P.I.M.P.,N/A,85,Urban,Shady/Aftermath/Interscope,2007,3,50 Cent,Snoop Dogg,G-Unit,,,
10,50 Cent ft. Snoop Dogg & Young Jeezy,Major Distribution,N/A,88,Urban,Shady/Aftermath/Interscope,2013,3,50 Cent,Snoop Dogg,Young Jeezy,,,
11,50 Cent ft. Snoop Dogg & Young Jeezy,Major Distribution,(Explicit),88,N/A,Shady/Aftermath/Interscope,2013,3,50 Cent,Snoop Dogg,Young Jeezy,,,
12,Akon ft. Snoop Dogg,I Wanna Luv U,PO Clean Edit,100,N/A,SRC Universal,2006,2,Akon,Snoop Dogg,,,,
13,Akon ft. Snoop Dogg,I Wanna Luv U,N/A,100,N/A,SRC Street/Universal Records,2007,2,Akon,Snoop Dogg,,,,
14,Akon ft. Snoop Dogg,I Wanna Luv U,Explicit,100,N/A,SRC Street/Universal Records,2007,2,Akon,Snoop Dogg,,,,
15,Akon Ft. Snoop Dogg,I Wanna Love You,N/A,100,Hip-Hop,Konvict,2006,2,Akon,Snoop Dogg,,,,
16,Akon & Snoop Dogg,I Wanna Love You,N/A,100,Top 40,Universal Motown,2007,2,Akon,Snoop Dogg,,,,
17,Alyssa Reid ft. Snoop Dogg,The Game,Bimbo Jones Quick Edit,125,Dance,Ultra,2013,2,Alyssa Reid,Snoop Dogg,,,,
18,Alyssa Reid ft. Snoop Dogg,The Game,Bimbo Jones Intro Edit,125,Dance,Ultra,2013,2,Alyssa Reid,Snoop Dogg,,,,
19,Alyssa Reid ft. Snoop Dogg,The Game,N/A,80,Top 40,Ultra,2012,2,Alyssa Reid,Snoop Dogg,,,,
20,Alyssa Reid ft. Snoop Dogg,The Game,Bimbo Jones Club Mix,125,N/A,3Beat,2012,2,Alyssa Reid,Snoop Dogg,,,,
21,Alyssa Reid ft. Snoop Dogg,The Game,Bimbo Jones Radio Edit,125,Dance,Ultra,2013,2,Alyssa Reid,Snoop Dogg,,,,
22,A.M.X. ft. Snoop Dogg,You Made Me Change My Number,Clean Edit,120,N/A,Mainstream,2011,2,A.M.X.,Snoop Dogg,,,,
23,Anchored ft. Snoop Dogg,Throwin Down,N/A,90,Rock,Trynd,2012,2,Anchored,Snoop Dogg,,,,
24,Angie Stone ft. Snoop Dogg,I Wanna Thank Ya,N/A,99,N/A,J,2004,2,Angie Stone,Snoop Dogg,,,,
25,"Anitta, Ludmilla & Snoop Dogg ft. Papatinho",Onda Diferente,N/A,75,Top 40,N/A,2019,4,Anitta,Ludmilla,Snoop Dogg,Papatinho,,
26,Arash ft. Snoop Dogg,OMG,N/A,114,Top 40,Extensive,2016,2,Arash,Snoop Dogg,,,,
27,Arman Cekin ft. Snoop Dogg & Paul Rey,California Dreaming,N/A,100,Top 40,Trap Nation,2017,3,Arman Cekin,Snoop Dogg,Paul Rey,,,
28,Audio Playground ft. Snoop Dogg,Emergency,N/A,118,Dance,Canwest,2012,2,Audio Playground,Snoop Dogg,,,,
29,Barrington Levy ft. Snoop Dogg & Mims,Watch Dem (Murderer),N/A,93,N/A,Platinum Camp,2010,3,Barrington Levy,Snoop Dogg,Mims,,,
30,Beanie Sigel ft. Snoop Dogg,Don't Stop,N/A,99,N/A,Criminal Background Damon Dash Music,2005,2,Beanie Sigel,Snoop Dogg,,,,
31,Big Time Rush ft. Snoop Dogg,Boyfriend,Snoop Dogg Version,83,N/A,Columbia,2011,2,Big Time Rush,Snoop Dogg,,,,
32,Big Time Rush ft. Snoop Dogg,Boyfriend,N/A,83,Top 40,Columbia,2011,2,Big Time Rush,Snoop Dogg,,,,
33,Blush ft. Snoop Dogg,Undivided,N/A,84,Top 40,FarWest,2011,2,Blush,Snoop Dogg,,,,
34,Blush ft. Snoop Dogg,Undivided,Pop Version,85,Top 40,FarWest,2011,2,Blush,Snoop Dogg,,,,
35,Blush ft. Snoop Dogg,Undivided,Dave Aude Remix,124,Top 40,FarWest,2011,2,Blush,Snoop Dogg,,,,
36,Blush ft. Snoop Dogg,Undivided,Eddie Amador Remix,124,N/A,FarWest,2011,2,Blush,Snoop Dogg,,,,
37,Candyman 187 ft. Snoop Dogg,High Off The Fame,Cutmore Killa Club Remix,130,N/A,We Got The Juice,2011,2,Candyman 187,Snoop Dogg,,,,
38,Candyman 187 ft. Snoop Dogg & Ariano,High Off The Fame,Cutmore Killa Video Edit By Danny Morris,130,N/A,We Got The Juice,2011,3,Candyman 187,Snoop Dogg,Ariano,,,
39,Candyman 187 ft. Snoop Dogg & Ariano,High Off The Fame,N/A,120,Urban,We Got The Juice,2011,3,Candyman 187,Snoop Dogg,Ariano,,,
40,Charlie Wilson Feat. Snoop Dogg,Big Pimpin',N/A,68,Hip-Hop,Interscope Records,2000,2,Charlie Wilson,Snoop Dogg,,,,
41,Charlotte Devaney ft. Snoop Dogg,Flip It (The Edit),N/A,128,Dance,Motto Beats/Virgin,2015,2,Charlotte Devaney,Snoop Dogg,,,,
42,Chingy ft. Ludacris & Snoop Dogg,Holidae In,N/A,78,Urban,DTP/Capitol,2007,3,Chingy,Ludacris,Snoop Dogg,,,
43,C-Murder Feat. Snoop Dogg & Magic,Down For My N's,N/A,91,Hip-Hop,Priority Records,2000,3,C-Murder,Snoop Dogg,Magic,,,
44,Collie Buddz ft. Snoop Dogg,Light It Up,Clean Edit - KE Remix,70,Hip-Hop,Louder Than Life/RED/Sony,2014,2,Collie Buddz,Snoop Dogg,,,,
45,Collie Buddz ft. Snoop Dogg,Light It Up,KE Remix,70,Hip-Hop,Louder Than Life/RED/Sony,2014,2,Collie Buddz,Snoop Dogg,,,,
46,"Colonel Loud ft. Too Short, Snoop Dogg & Ricco Barrino",California,California Remix - Explicit,98,Hip-Hop,Derty North/Empire,2016,4,Colonel Loud,Too Short,Snoop Dogg,Ricco Barrino,,
47,"Colonel Loud ft. Too Short, Snoop Dogg & Ricco Barrino",California,- California Remix,98,Hip-Hop,Derty North/Empire,2016,4,Colonel Loud,Too Short,Snoop Dogg,Ricco Barrino,,
48,"Colonel Loud ft. Too Short, Snoop Dogg & Ricco Barrino",California,Quick Edit - California Remix,98,Hip-Hop,Derty North/Empire,2016,4,Colonel Loud,Too Short,Snoop Dogg,Ricco Barrino,,
49,"Colonel Loud ft. Too Short, Snoop Dogg & Ricco Barrino",California,Instrumental,98,Hip-Hop,Derty North/Empire,2016,4,Colonel Loud,Too Short,Snoop Dogg,Ricco Barrino,,
50,"Colonel Loud ft. Too Short, Snoop Dogg & Ricco Barrino",California,- California Remix,98,Hip-Hop,Derty North/Empire,2016,4,Colonel Loud,Too Short,Snoop Dogg,Ricco Barrino,,
51,Daddy Yankee ft. Snoop Dogg,Gangsta Zone,N/A,92,N/A,El Cartel/Interscope,2007,2,Daddy Yankee,Snoop Dogg,,,,
52,Datsik ft. Snoop Dogg,Smoke Bomb,Clean,100,Dance,Ultra,2015,2,Datsik,Snoop Dogg,,,,
53,"David Banner, Akon, Lil Wayne, Snoop Dogg",9mm (speaker),Dirty,83,Hip-Hop,N/A,2007,4,David Banner,Akon,Lil Wayne,Snoop Dogg,,
54,"David Banner, Akon, Lil Wayne, Snoop Dogg",Speaker (9mm),Clean,83,Hip-Hop,N/A,2007,4,David Banner,Akon,Lil Wayne,Snoop Dogg,,
55,"David Banner ft. Akon, Lil Wayne & Snoop Dogg",Speaker,N/A,83,N/A,SRC/Universal Motown Records,2007,4,David Banner,Akon,Lil Wayne,Snoop Dogg,,
56,Devin The Dude ft. Snoop Dogg & Andre 3000,What A Job,Instrumental,87,N/A,Rap-A-Lot Records,2007,3,Devin The Dude,Snoop Dogg,Andre 3000,,,
57,Devin The Dude ft. Snoop Dogg & Andre 3000,What A Job,Acapella,87,N/A,Rap-A-Lot Records,2007,3,Devin The Dude,Snoop Dogg,Andre 3000,,,
58,Devin The Dude ft. Snoop Dogg & Andre 3000,What A Job,N/A,87,N/A,Rap-A-Lot Records,2007,3,Devin The Dude,Snoop Dogg,Andre 3000,,,
59,"DJ Drama ft. Akon, Snoop Dogg & T.I.",Day Dreaming,(Explicit),108,N/A,AMG/Grand Hustle/Atlantic,2009,4,DJ Drama,Akon,Snoop Dogg,T.I.,,
60,"DJ Drama ft. Akon, Snoop Dogg & T.I.",Day Dreaming,Clean Edit,108,N/A,AMG/Grand Hustle/Atlantic,2009,4,DJ Drama,Akon,Snoop Dogg,T.I.,,
61,"DJ Drama ft. Akon, Snoop Dogg & T.I.",Day Dreaming,N/A,108,Urban,AMG/Grand Hustle/Atlantic,2009,4,DJ Drama,Akon,Snoop Dogg,T.I.,,
62,"DJ Khaled ft. T-Pain, Ludacris, Rick Ross & Snoop Dogg",All I Do Is Win,Clean Edit,75,Urban,E1,2010,5,DJ Khaled,T-Pain,Ludacris,Rick Ross,Snoop Dogg,
63,"DJ Khaled ft. T-Pain, Ludacris, Rick Ross, Snoop Dogg",All I Do Is Win,N/A,75,N/A,E1,2010,5,DJ Khaled,T-Pain,Ludacris,Rick Ross,Snoop Dogg,
64,"DJ Khaled ft. T-Pain, Ludacris, Rick Ross, Snoop Dogg",All I Do Is Win,Intro Edit,75,N/A,E1,2017,5,DJ Khaled,T-Pain,Ludacris,Rick Ross,Snoop Dogg,
65,"DJ Khaled ft. T-Pain, Ludacris, Rick Ross, Snoop Dogg",All I Do Is Win,Instrumental,75,N/A,E1,2010,5,DJ Khaled,T-Pain,Ludacris,Rick Ross,Snoop Dogg,
66,"DJ Khaled ft. T-Pain, Ludacris, Rick Ross, Snoop Dogg",All I Do Is Win,Quick Edit,75,N/A,E1,2017,5,DJ Khaled,T-Pain,Ludacris,Rick Ross,Snoop Dogg,
67,"DJ Polique ft. Snoop Dogg, Follow Your Instinct &#38; Jacob Luttrell",Dimes Only,N/A,104,Dance,Kickson,2017,3,DJ Polique,Snoop Dogg,Follow Your Instinct &#38; Jacob Luttrell,,,
68,Doll Phace ft. Snoop Dogg,Let's Go To Vegas,N/A,132,Urban,True Vision Media,2011,2,Doll Phace,Snoop Dogg,,,,
69,"DPGC,  Daz,  Kurupt ft. Snoop Dogg & Nate Dogg",Real Soon,N/A,99,N/A,KOCH Records,2006,5,DPGC,Daz,Kurupt,Snoop Dogg,Nate Dogg,
70,"DPGC ft. Daz, Kurupt ft. Snoop Dogg & Nate Dogg",Real Soon,N/A,99,Urban,Koch,2006,5,DPGC,Daz,Kurupt,Snoop Dogg,Nate Dogg,
71,Dr. Dre Feat. Snoop Dogg,Still D.r.e.,N/A,93,Hip-Hop,Aftermath/interscope Records,1999,2,Dr. Dre,Snoop Dogg,,,,
72,Dr. Dre Feat. Snoop Dogg,The Next Episode,N/A,94,Hip-Hop,Aftermath/interscope Records,2000,2,Dr. Dre,Snoop Dogg,,,,
73,Dr. Dre Feat. Snoop Dogg,The Wash,N/A,94,Hip-Hop,Aftermath/doggystyle/interscope Records,2001,2,Dr. Dre,Snoop Dogg,,,,
74,Dr. Dre ft. Snoop Dogg,Nuthin But A G Thang,N/A,95,N/A,Atlantic,2012,2,Dr. Dre,Snoop Dogg,,,,
75,Dr. Dre ft. Snoop Dogg,Nuthin' But A G Thang,Quick Edit (Dr. Dre Only)*,95,N/A,Death Row/Interscope,2012,2,Dr. Dre,Snoop Dogg,,,,
76,Dr. Dre ft. Snoop Dogg,Nuthin' But A G Thang,N/A,95,N/A,Death Row/Interscope,2012,2,Dr. Dre,Snoop Dogg,,,,
77,Dr. Dre ft. Snoop Dogg,Nuthin' But A G Thang,Quick Edit (Snoop Dogg Only)*,95,N/A,Death Row/Interscope,2012,2,Dr. Dre,Snoop Dogg,,,,
78,Dr. Dre ft. Snoop Dogg & Akon,Kush,(Explicit),95,N/A,Interscope,2011,3,Dr. Dre,Snoop Dogg,Akon,,,
79,Dr. Dre ft. Snoop Dogg & Akon,Kush,Clean Version,95,Urban,Interscope,2011,3,Dr. Dre,Snoop Dogg,Akon,,,
80,Dr. Dre ft. Snoop Dogg & Akon,Kush,N/A,95,N/A,Interscope,2011,3,Dr. Dre,Snoop Dogg,Akon,,,
81,Dr. Dre ft. Snoop Dogg & Akon,Kush,Clean Edit,95,N/A,Interscope,2010,3,Dr. Dre,Snoop Dogg,Akon,,,
82,Dr. Dre ft. Snoop Dogg & Akon,Kush,Instrumental,95,N/A,Interscope,2011,3,Dr. Dre,Snoop Dogg,Akon,,,
83,Dr. Dre introducing Snoop Dogg,Deep Cover,N/A,96,Urban,Solar Epic Sony,2004,2,Dr. Dre,Snoop Dogg,,,,
84,Emii ft. Snoop Dogg,Mr. Romeo,Clean Edit,124,Top 40,Slippery Eel,2011,2,Emii,Snoop Dogg,,,,
85,Emii ft. Snoop Dogg,Mr. Romeo,N/A,124,N/A,Slippery Eel,2011,2,Emii,Snoop Dogg,,,,
86,Faith Evans ft. Snoop Dogg,Way You Move,N/A,94,Urban,Prolific/E1,2010,2,Faith Evans,Snoop Dogg,,,,
87,Faith Evans ft. The Notorious B.I.G. & Snoop Dogg,When We Party,Lyric Video,104,Urban,Rhino/BMG/WMG,2017,3,Faith Evans,The Notorious B.I.G.,Snoop Dogg,,,
88,Faith Evans ft. The Notorious B.I.G. & Snoop Dogg,When We Party,Lyric Video - Explicit,104,Urban,Rhino/BMG/WMG,2017,3,Faith Evans,The Notorious B.I.G.,Snoop Dogg,,,
89,Faith Evans ft. The Notorious B.I.G. & Snoop Dogg,When We Party,Intro Edit,104,R&B,Rhino/BMG/WMG,2017,3,Faith Evans,The Notorious B.I.G.,Snoop Dogg,,,
90,Faith Evans ft. The Notorious B.I.G. & Snoop Dogg,When We Party,Clean,104,R&B,Rhino/BMG/WMG,2017,3,Faith Evans,The Notorious B.I.G.,Snoop Dogg,,,
91,Faith Evans ft. The Notorious B.I.G. & Snoop Dogg,When We Party,Lyric Video Intro Edit,104,Urban,Rhino/BMG/WMG,2017,3,Faith Evans,The Notorious B.I.G.,Snoop Dogg,,,
92,Faith Evans ft. The Notorious B.I.G. & Snoop Dogg,When We Party,Lyric Video Quick Edit,104,Urban,Rhino/BMG/WMG,2017,3,Faith Evans,The Notorious B.I.G.,Snoop Dogg,,,
93,Faith Evans ft. The Notorious B.I.G. & Snoop Dogg,When We Party,Quick Edit,104,R&B,Rhino/BMG/WMG,2017,3,Faith Evans,The Notorious B.I.G.,Snoop Dogg,,,
94,Far East Movement ft. Snoop Dogg,If I Was You (OMG),Clean Edit,127,Top 40,Cherrytree/Interscope,2011,2,Far East Movement,Snoop Dogg,,,,
95,Far East Movement ft. Snoop Dogg,If I Was You (OMG),N/A,127,Top 40,Cherrytree/Interscope,2012,2,Far East Movement,Snoop Dogg,,,,
96,Far East Movement ft. Snoop Dogg,If I Was You (OMG),Quick Edit*,127,Top 40,Cherrytree/Interscope,2012,2,Far East Movement,Snoop Dogg,,,,
97,"Fat Joe & Remy Ma ft. Snoop Dogg, The Game & E-40",All The Way Up,Promo Only Westside Quick Edit,88,Hip-Hop,EMPIRE,2016,5,Fat Joe,Remy Ma,Snoop Dogg,The Game,E-40,
98,"Fat Joe & Remy Ma ft. Snoop Dogg, The Game & E-40",All The Way Up,Westside Remix,88,Hip-Hop,EMPIRE,2016,5,Fat Joe,Remy Ma,Snoop Dogg,The Game,E-40,
99,"Fat Joe & Remy Ma ft. Snoop Dogg, The Game & E-40",All The Way Up,Westside Remix - Explicit,88,Hip-Hop,EMPIRE,2016,5,Fat Joe,Remy Ma,Snoop Dogg,The Game,E-40,
100,"Fat Joe & Remy Ma ft. Snoop Dogg, The Game & E-40",All The Way Up,Westside Remix - Explicit,88,Hip-Hop,EMPIRE,2016,5,Fat Joe,Remy Ma,Snoop Dogg,The Game,E-40,
101,Fetty Wap ft. Snoop Dogg,Westside,Clean,96,Hip-Hop,300,2016,2,Fetty Wap,Snoop Dogg,,,,
102,Fetty Wap ft. Snoop Dogg,Westside,N/A,96,Hip-Hop,300,2016,2,Fetty Wap,Snoop Dogg,,,,
103,Fetty Wap ft. Snoop Dogg,Westside,Quick Edit,96,Hip-Hop,300,2016,2,Fetty Wap,Snoop Dogg,,,,
104,Fetty Wap ft. Snoop Dogg,Westside,Explicit,96,Hip-Hop,300,2016,2,Fetty Wap,Snoop Dogg,,,,
105,Freeway f/ Snoop Doggy Dogg,We Get Around,N/A,96,N/A,N/A,N/A,2,Freeway,Snoop Doggy Dogg,,,,
106,Future ft. Snoop Dogg,Homicide,Live,75,Urban,Epic,2013,2,Future,Snoop Dogg,,,,
107,George Hodos ft. Snoop Dogg,Just A Man,Rod Carrillo Club Mix,129,N/A,Dauman/Universal,2010,2,George Hodos,Snoop Dogg,,,,
108,"Grandmaster Flash ft. Red Cafe, Snoop Dogg, & Lynn Carter",Swagger,N/A,96,N/A,Strut,2009,4,Grandmaster Flash,Red Cafe,Snoop Dogg,& Lynn Carter,,
109,Gucci Mane Feat. Snoop Dogg,Awesome,Radio Version_,69,Hip-Hop,N/A,2009,2,Gucci Mane,Snoop Dogg,,,,
110,Hardwell ft. Conor Maynard & Snoop Dogg,How You Love Me,N/A,66,Top 40,N/A,2019,3,Hardwell,Conor Maynard,Snoop Dogg,,,
111,Hardwell ft. Conor Maynard & Snoop Dogg,How You Love Me,Extended Mix,105,N/A,Extended Mix,2019,3,Hardwell,Conor Maynard,Snoop Dogg,,,
112,Ian Carey ft. Snoop Dogg & Bobby Anthony,Last Night,Clean Edit,128,Dance,Next Plateau,2011,3,Ian Carey,Snoop Dogg,Bobby Anthony,,,
113,Ian Carey ft. Snoop Dogg & Bobby Anthony,Last Night,N/A,128,Dance,GFAB,2011,3,Ian Carey,Snoop Dogg,Bobby Anthony,,,
114,Ice Cube Ft. Lil' Jon & Snoop Dogg,Go To Church,N/A,84,Hip-Hop,N/A,2006,3,Ice Cube,Lil' Jon,Snoop Dogg,,,
115,Ice Cube ft. Snoop Dogg,Go To Church,PO Clean Edit,84,N/A,Lench Mob Records,2006,2,Ice Cube,Snoop Dogg,,,,
116,Jason Derulo ft. Snoop Dogg,Wiggle,Explicit,82,Pop,Beluga Heights/Warner Bros,2014,2,Jason Derulo,Snoop Dogg,,,,
117,Jason Derulo ft. Snoop Dogg,Wiggle,Lyric Video*,82,Urban,Beluga Heights/Warner Bros,2014,2,Jason Derulo,Snoop Dogg,,,,
118,Jason Derulo ft. Snoop Dogg,Wiggle,EXPLICIT VERSION,82,Urban,Beluga Heights/Warner Bros,2014,2,Jason Derulo,Snoop Dogg,,,,
119,Jason Derulo ft. Snoop Dogg,Wiggle,Quick Edit*,82,Urban,Beluga Heights/Warner Bros,2014,2,Jason Derulo,Snoop Dogg,,,,
120,Jason Derulo ft. Snoop Dogg,Wiggle,N/A,82,Urban,Beluga Heights/Warner Bros,2014,2,Jason Derulo,Snoop Dogg,,,,
121,Jason Derulo ft. Snoop Dogg,Wiggle,Quick Edit,82,Pop,Beluga Heights/Warner Bros,2014,2,Jason Derulo,Snoop Dogg,,,,
122,"Jermaine Dupri ft. P. Diddy, Snoop Dogg & Murphy Lee",Welcome To Atlanta,N/A,96,Urban,Columbia,2008,4,Jermaine Dupri,P. Diddy,Snoop Dogg,Murphy Lee,,
123,John Legend ft. Snoop Dogg,I Can Change,N/A,80,N/A,Getting Out Our Dreams Sony Urban Columbia,2005,2,John Legend,Snoop Dogg,,,,
124,Justin Anthony ft. Snoop Dogg,Good Luv,N/A,94,Urban,Elevate,2013,2,Justin Anthony,Snoop Dogg,,,,
125,Justin Anthony ft. Snoop Dogg,Good Luv,N/A,94,Urban,Elevate,2013,2,Justin Anthony,Snoop Dogg,,,,
126,Katy Perry ft. Snoop Dogg,California Gurls,Manhattan Clique Edit,128,Dance,Capitol,2010,2,Katy Perry,Snoop Dogg,,,,
127,Katy Perry ft. Snoop Dogg,California Gurls,Clean Edit Rap Edit,125,N/A,Capitol,2010,2,Katy Perry,Snoop Dogg,,,,
128,Katy Perry ft. Snoop Dogg,California Gurls,Promo Only Intro Edit*,125,Pop,Capitol,2016,2,Katy Perry,Snoop Dogg,,,,
129,Katy Perry ft. Snoop Dogg,California Gurls,N/A,125,N/A,Capitol,2014,2,Katy Perry,Snoop Dogg,,,,
130,Katy Perry ft. Snoop Dogg,California Gurls,Quick Edit*,125,N/A,Capitol,2014,2,Katy Perry,Snoop Dogg,,,,
131,Katy Perry ft. Snoop Dogg & Cali Swag District,California Gurls,Remix,125,Top 40,Capitol,2010,3,Katy Perry,Snoop Dogg,Cali Swag District,,,
132,"Katy Perry, Snoop Dogg",California Gurls,Radio,125,Pop,N/A,2010,2,Katy Perry,Snoop Dogg,,,,
133,Kelly Rowland ft. Snoop Dogg,Ghetto,N/A,96,Urban,Columbia,2007,2,Kelly Rowland,Snoop Dogg,,,,
134,Kid Capri Feat. Snoop Doggy Dogg & Slick Rick,Unify,N/A,95,Hip-Hop,Columbia Records,1998,3,Kid Capri,Snoop Doggy Dogg,Slick Rick,,,
135,Kid Capri Feat. Snoop Doggy Dogg & Slick Rick,We're Unified,Clean Version,101,Hip-Hop,Trackmasters/columbia Records,1998,3,Kid Capri,Snoop Doggy Dogg,Slick Rick,,,
136,Lalah Hathaway ft. Snoop Dogg,Ghetto Boy,N/A,94,R&B,eOne,2016,2,Lalah Hathaway,Snoop Dogg,,,,
137,Lee M With J Pearl ft. Iyaz & Snoop Dogg,Slow Motion,Clean Edit,128,Dance,Strictly Rhythm,2012,4,Lee M,J Pearl,Iyaz,Snoop Dogg,,
138,Lee M With J Pearl ft. Iyaz & Snoop Dogg,Slow Motion,N/A,128,N/A,Strictly Rhythm,2012,4,Lee M,J Pearl,Iyaz,Snoop Dogg,,
139,Lee M With J Pearl ft. Iyaz & Snoop Dogg,Slow Motion,Jupiter Ace Remix Club,128,N/A,Strictly Rhythm,2012,4,Lee M,J Pearl,Iyaz,Snoop Dogg,,
140,Lil Dicky ft. Snoop Dogg,Professional Rapper,EXPLICIT,65,Urban,CMSN/David Burd,2015,2,Lil Dicky,Snoop Dogg,,,,
141,Lil Duval ft. Snoop Dogg & Ball Greezy,Smile (Living My Best Life),PopRoXxX Intro Edit,99,Urban,PopRoXxX Intro Edit,2018,3,Lil Duval,Snoop Dogg,Ball Greezy,,,
142,Lil Duval ft. Snoop Dogg & Ball Greezy,Smile (Living My Best Life),PopRoXxX Quick Edit,99,Urban,PopRoXxX Quick Edit,2018,3,Lil Duval,Snoop Dogg,Ball Greezy,,,
143,Lil Duval ft. Snoop Dogg & Ball Greezy,Smile (Living My Best Life),Explicit,99,Urban,Explicit,2018,3,Lil Duval,Snoop Dogg,Ball Greezy,,,
144,Lil Duval ft. Snoop Dogg & Ball Greezy,Smile (Living My Best Life),PO Clean Edit,99,Hip-Hop,PO Clean Edit,2018,3,Lil Duval,Snoop Dogg,Ball Greezy,,,
145,Lil Duval ft. Snoop Dogg & Ball Greezy,Smile (Living My Best Life),N/A,99,Urban,N/A,2018,3,Lil Duval,Snoop Dogg,Ball Greezy,,,
146,Lil Jon ft. Snoop Dogg & Swizz Beatz,I Do,N/A,87,N/A,Universal Republic,2009,3,Lil Jon,Snoop Dogg,Swizz Beatz,,,
147,Lil Jon ft. Snoop Dogg & Swizz Beatz,I Do,Clean Edit Clean,87,N/A,Universal Republic,2009,3,Lil Jon,Snoop Dogg,Swizz Beatz,,,
148,Lil Jon ft. Snoop Dogg & Swizz Beatz,I Do,Instrumental,87,N/A,Universal Republic,2009,3,Lil Jon,Snoop Dogg,Swizz Beatz,,,
149,"Lil Jon ft. T-Pain, Problem & Snoop Dogg",My Cutie Pie,Quick Edit,103,Hip-Hop,Lil Jonathan,2015,4,Lil Jon,T-Pain,Problem,Snoop Dogg,,
150,"Lil Jon ft. T-Pain, Problem & Snoop Dogg",My Cutie Pie,Instrumental,103,Hip-Hop,Lil Jonathan,2015,4,Lil Jon,T-Pain,Problem,Snoop Dogg,,
151,"Lil Jon ft. T-Pain, Problem & Snoop Dogg",My Cutie Pie,Explicit,103,Hip-Hop,Lil Jonathan,2015,4,Lil Jon,T-Pain,Problem,Snoop Dogg,,
152,"Lil Jon ft. T-Pain, Problem & Snoop Dogg",My Cutie Pie,N/A,103,Hip-Hop,Lil Jonathan,2015,4,Lil Jon,T-Pain,Problem,Snoop Dogg,,
153,"Lil Jon ft. T-Pain, Problem & Snoop Dogg",My Cutie Pie,Quick Edit,103,Hip-Hop,Lil Jonathan,2015,4,Lil Jon,T-Pain,Problem,Snoop Dogg,,
154,Mack 10 Feat. Ice Cube & Snoop Doggy Dogg,Only In California,N/A,95,Hip-Hop,Priority Records,1998,3,Mack 10,Ice Cube,Snoop Doggy Dogg,,,
155,Mams Taylor ft. Snoop Dogg & Bobby V,Girl Gotta Girlfriend,N/A,100,Urban,Premiere League,2009,3,Mams Taylor,Snoop Dogg,Bobby V,,,
156,Mann ft. Iyaz & Snoop Dogg,The Mack,N/A,99,N/A,Mercury/Island Def Jam,2011,3,Mann,Iyaz,Snoop Dogg,,,
157,Mann ft. Snoop Dogg,The Mack,N/A,99,Urban,Mercury/Island Def Jam,2011,2,Mann,Snoop Dogg,,,,
158,Mann ft. Snoop Dogg & Iyaz,The Mack,Quick Edit*,99,Urban,Mercury/Island Def Jam,2012,3,Mann,Snoop Dogg,Iyaz,,,
159,Mann ft. Snoop Dogg & Iyaz,The Mack,N/A,99,N/A,Mercury/Island Def Jam,2012,3,Mann,Snoop Dogg,Iyaz,,,
160,Mariah Carey Feat. Snoop Dogg,Crybaby,N/A,79,Hip-Hop,Columbia Records,2000,2,Mariah Carey,Snoop Dogg,,,,
161,Mariah Carey ft. Snoop Dogg,Say Somethin',Morales Radio Edit,128,Top 40,Island Def Jam,2006,2,Mariah Carey,Snoop Dogg,,,,
162,Mariah Carey ft. Snoop Dogg,Say Somethin',David Morales Stereo Anthem Mix,128,N/A,Island,2006,2,Mariah Carey,Snoop Dogg,,,,
163,Mariah Carey ft. Snoop Dogg,Say Somethin',N/A,108,Top 40,Interscope Stiff,2006,2,Mariah Carey,Snoop Dogg,,,,
164,Mashonda ft. Nas & Snoop Dogg,Black Out,Remix (PO Clean Edit),99,N/A,J,2005,3,Mashonda,Nas,Snoop Dogg,,,
165,Mashonda ft. Snoop Dogg,Black Out,Remix,99,N/A,J,2005,2,Mashonda,Snoop Dogg,,,,
166,Mashonda ft. Snoop Dogg,Black Out,Remix Instrumental,99,N/A,J,2005,2,Mashonda,Snoop Dogg,,,,
167,Mashonda ft. Snoop Dogg,Black Out,N/A,99,Urban,J,2005,2,Mashonda,Snoop Dogg,,,,
168,Mashonda ft. Snoop Dogg,Black Out,Remix Accapella,99,N/A,J,2005,2,Mashonda,Snoop Dogg,,,,
169,Master P Feat. Snoop Dogg & Silkk The Shocker,Thug Girl,N/A,96,Hip-Hop,No Limit/priority Records,1998,3,Master P,Snoop Dogg,Silkk The Shocker,,,
170,"Matoma, The Notorious B.I.G. & Faith Evans ft. Snoop Dogg",Party On The West Coast,Explicit,108,Urban,Explicit,2018,4,Matoma,The Notorious B.I.G.,Faith Evans,Snoop Dogg,,
171,"Migos, Karol G, Snoop Dogg & Rock Mafia",My Family,PO Quick Edit,68,Hip-Hop,PO Quick Edit,2019,4,Migos,Karol G,Snoop Dogg,Rock Mafia,,
172,"Migos, Karol G, Snoop Dogg & Rock Mafia",My Family,Clean Single Eit,68,Hip-Hop,Clean Single Eit,2019,4,Migos,Karol G,Snoop Dogg,Rock Mafia,,
173,"Migos, Karol G, Snoop Dogg & Rock Mafia",My Family,PO Intro Edit,68,Hip-Hop,PO Intro Edit,2019,4,Migos,Karol G,Snoop Dogg,Rock Mafia,,
174,Mike Jones ft. Bun B & Snoop Dogg,My 6-4,Clean Edit,85,N/A,Swisha House/Asylum/Warner Bros Records,2007,3,Mike Jones,Bun B,Snoop Dogg,,,
175,Nate Dogg With Snoop Doggy Dogg,Never Leave Me Alone,N/A,100,Hip-Hop,N/A,1996,2,Nate Dogg,Snoop Doggy Dogg,,,,
176,Omarion ft. Snoop Dogg,Last Night (Kinkos),Clean Edit,88,Urban,StarWorld/Musicworks/Capitol,2010,2,Omarion,Snoop Dogg,,,,
177,Oowee ft. Snoop Dogg,Why Cry,N/A,100,Urban,Bogard Asylum Records,2005,2,Oowee,Snoop Dogg,,,,
178,Oowee ft. Snoop Dogg,Why Cry,Instrumental,100,N/A,Bogard Asylum Records,2005,2,Oowee,Snoop Dogg,,,,
179,Oowee Ft. Snoop Dogg,Why Cry,N/A,100,Hip-Hop,N/A,N/A,2,Oowee,Snoop Dogg,,,,
180,Outkast ft. Lil' Wayne & Snoop Dogg,Hollywood Divorce,Instrumental,88,N/A,LaFace Zomba,2006,3,Outkast,Lil' Wayne,Snoop Dogg,,,
181,Outkast ft. Lil' Wayne & Snoop Dogg,Hollywood Divorce,N/A,88,N/A,LaFace Zomba,2006,3,Outkast,Lil' Wayne,Snoop Dogg,,,
182,Papoose ft. Snoop Dogg,Bang It Out,N/A,90,N/A,Jive/Zomba,2007,2,Papoose,Snoop Dogg,,,,
183,Papoose ft. Snoop Dogg,Bang It Out,Acapella,90,N/A,Jive/Zomba,2007,2,Papoose,Snoop Dogg,,,,
184,Papoose ft. Snoop Dogg,Bang It Out,Instrumental,90,N/A,Jive/Zomba,2007,2,Papoose,Snoop Dogg,,,,
185,Pharrell ft. Snoop Dogg & Charlie Wilson,That Girl,Instrumental,105,N/A,Interscope,2006,3,Pharrell,Snoop Dogg,Charlie Wilson,,,
186,Pharrell ft. Snoop Dogg & Charlie Wilson,That Girl,PO Clean Edit,96,Urban,Star Trak Interscope,2006,3,Pharrell,Snoop Dogg,Charlie Wilson,,,
187,Pharrell ft. Snoop Dogg & Charlie Wilson,That Girl,N/A,96,Urban,Interscope,2006,3,Pharrell,Snoop Dogg,Charlie Wilson,,,
188,Pharrell Williams ft. Snoop Dogg & Charlie Wilson,That Girl,A Cappella,96,N/A,Interscope,2006,3,Pharrell Williams,Snoop Dogg,Charlie Wilson,,,
189,Prince Royce ft. Snoop Dogg,Stuck On A Feeling,Quick Edit*,100,Urban,Sony Latin,2015,2,Prince Royce,Snoop Dogg,,,,
190,Prince Royce ft. Snoop Dogg,Stuck On A Feeling,N/A,100,Urban,Sony Latin,2015,2,Prince Royce,Snoop Dogg,,,,
191,Prince Royce ft. Snoop Dogg,Stuck On A Feeling,Quick Edit,100,N/A,Sony Latin,2014,2,Prince Royce,Snoop Dogg,,,,
192,Psy ft. Snoop Dogg,Hangover,N/A,75,Top 40,School Boy/Universal Republic,2014,2,Psy,Snoop Dogg,,,,
193,"Que ft. Snoop Dogg, Pusha T & A$AP Ferg",OG Bobby Johnson,- Remix,55,Hip-Hop,Atlantic,2014,4,Que,Snoop Dogg,Pusha T,A$AP Ferg,,
194,"Que ft. Snoop Dogg, Pusha T & A$AP Ferg",OG Bobby Johnson,Quick Edit - Remix,55,Hip-Hop,Atlantic,2014,4,Que,Snoop Dogg,Pusha T,A$AP Ferg,,
195,"Que ft. Snoop Dogg, Pusha T & A$AP Ferg",OG Bobby Johnson,Remix,55,Hip-Hop,Atlantic,2014,4,Que,Snoop Dogg,Pusha T,A$AP Ferg,,
196,Radio Traffic ft. Snoop Dogg,Cali Livin',Sly Doggie Clean Radio Edit,115,N/A,Next Plateau,2011,2,Radio Traffic,Snoop Dogg,,,,
197,Raven Felix ft. Snoop Dogg & Nef The Pharaoh,Hit The Gas,Explicit,100,Urban,eOne,2016,3,Raven Felix,Snoop Dogg,Nef The Pharaoh,,,
198,Raven Felix ft. Snoop Dogg & Nef The Pharaoh,Hit The Gas,N/A,100,Urban,eOne,2016,3,Raven Felix,Snoop Dogg,Nef The Pharaoh,,,
199,Robin Thicke ft. Snoop Dogg,It's In The Mornin,N/A,79,Urban,Star Trak/Interscope,2010,2,Robin Thicke,Snoop Dogg,,,,
200,Robin Thicke ft. Snoop Dogg,It's In The Mornin,Instrumental,79,N/A,Star Trak/Interscope,2010,2,Robin Thicke,Snoop Dogg,,,,
201,Robin Thicke ft. Snoop Dogg,It's In The Mornin,Album Version,79,N/A,Star Trak/Interscope,2010,2,Robin Thicke,Snoop Dogg,,,,
202,Snoop Dogg,9mm,N/A,89,N/A,N/A,N/A,1,Snoop Dogg,,,,,
203,Snoop Dogg,Beautiful,N/A,101,N/A,N/A,N/A,1,Snoop Dogg,,,,,
204,Snoop Dogg,CALI IZ ACTIVE,Album-Instrumental,104,Urban,Koch,2006,1,Snoop Dogg,,,,,
205,Snoop Dogg,Candy,N/A,100,Hip-Hop,N/A,N/A,1,Snoop Dogg,,,,,
206,Snoop Dogg,Candy (Drippin' Like Water),Explicit,100,N/A,Geffen Records,2007,1,Snoop Dogg,,,,,
207,Snoop Dogg,Candy (Drippin' Like Water),N/A,100,Urban,Geffen Records,2007,1,Snoop Dogg,,,,,
208,Snoop Dogg,Drop It Like Its Hot,N/A,92,Hip-Hop,N/A,2004,1,Snoop Dogg,,,,,
209,Snoop Dogg,From Tha Chuuuch To Da Palace,N/A,97,N/A,Capitol,2007,1,Snoop Dogg,,,,,
210,Snoop Dogg,It Blows My Mind,N/A,95,Hip-Hop,N/A,2005,1,Snoop Dogg,,,,,
211,Snoop Dogg,I Wanna Rock,(Explicit),91,N/A,Doggystyle/Priority/Capitol,2010,1,Snoop Dogg,,,,,
212,Snoop Dogg,I Wanna Rock,Explicit,91,N/A,Doggystyle/Priority/Capitol,2010,1,Snoop Dogg,,,,,
213,Snoop Dogg,I Wanna Rock,N/A,91,Urban,Priority/Capitol,2009,1,Snoop Dogg,,,,,
214,Snoop Dogg,Life Of Da Party,N/A,91,Urban,Doggystyle/Geffen,2008,1,Snoop Dogg,,,,,
215,Snoop Dogg,Life Of Da Party,With Snoop Intro,91,N/A,Doggystyle/Geffen,2008,1,Snoop Dogg,,,,,
216,Snoop Dogg,Life Of Da Party,Clean Edit With Snoop Intro,91,N/A,Doggystyle/Geffen,2008,1,Snoop Dogg,,,,,
217,Snoop Dogg,Life Of Da Party,Instrumental,91,N/A,Doggystyle/Geffen,2008,1,Snoop Dogg,,,,,
218,Snoop Dogg,Life Of Da Party,Explicit,91,N/A,Doggystyle/Geffen,2008,1,Snoop Dogg,,,,,
219,Snoop Dogg,Nothing But A G Thang,N/A,94,Hip-Hop,Death Row,N/A,1,Snoop Dogg,,,,,
220,Snoop Dogg,Nothing But A G Thang Bside Club Mix,N/A,93,N/A,N/A,N/A,1,Snoop Dogg,,,,,
221,Snoop Dogg,Rap,N/A,100,N/A,N/A,N/A,1,Snoop Dogg,,,,,
222,Snoop Dogg,Sensual Seduction,N/A,120,Urban,Doggy Style/Geffen,2008,1,Snoop Dogg,,,,,
223,Snoop Dogg,Sensual Seduction,Wide Boys Radio Edit,126,N/A,Doggystyle/Geffen,2008,1,Snoop Dogg,,,,,
224,Snoop Dogg,Sensual Seduction,Clean Edit,120,N/A,Doggy Style/Geffen,2008,1,Snoop Dogg,,,,,
225,Snoop Dogg,Sensual Seduction/Sexual Eruption,David Garcia & High Spies Mix,128,N/A,Doggystyle/Geffen,2008,1,Snoop Dogg,,,,,
226,Snoop Dogg,Sensual Seduction/Sexual Eruption,Boys Noize Remix,124,N/A,Doggystyle/Geffen,2008,1,Snoop Dogg,,,,,
227,Snoop Dogg,Sensual Seduction/Sexual Eruption,Wideboys Club Mix,126,N/A,Doggystyle/Geffen,2008,1,Snoop Dogg,,,,,
228,Snoop Dogg,Sensual Seduction/Sexual Eruption,Dirty South Remix,124,N/A,Doggystyle/Geffen,2008,1,Snoop Dogg,,,,,
229,Snoop Dogg,Sexual Eruption,Explicit,120,N/A,Doggy Style/Geffen,2008,1,Snoop Dogg,,,,,
230,Snoop Dogg,Sexual Eruption,Instrumental,120,N/A,Doggy Style/Geffen,2008,1,Snoop Dogg,,,,,
231,Snoop Dogg,Sexual Eruption,N/A,120,N/A,Doggy Style/Geffen,2008,1,Snoop Dogg,,,,,
232,Snoop Dogg,Snoop Dogg,N/A,107,Hip-Hop,No Limit/priority Records,2000,1,Snoop Dogg,,,,,
233,Snoop Dogg,Snoop's Upside Ya Head,N/A,100,Pop,Death Row,2017,1,Snoop Dogg,,,,,
234,Snoop Dogg,So Many Pros,Clean,117,Hip-Hop,Columbia,2015,1,Snoop Dogg,,,,,
235,Snoop Dogg,So Many Pros,Quick Edit,117,Hip-Hop,Columbia,2015,1,Snoop Dogg,,,,,
236,Snoop Dogg,So Many Pros,N/A,117,Hip-Hop,Columbia,2015,1,Snoop Dogg,,,,,
237,Snoop Dogg,Still A G Thang,N/A,98,Hip-Hop,No Limit/priority Records,1998,1,Snoop Dogg,,,,,
238,Snoop Dogg,Sweat (Wet),David Guetta Intro Edit*,126,Dance,Doggy Style/Capitol,2011,1,Snoop Dogg,,,,,
239,Snoop Dogg,Sweat (Wet),David Guetta Intro Edit,130,Top 40,Doggy Style/Capitol,2011,1,Snoop Dogg,,,,,
240,Snoop Dogg,Sweat (Wet),David Guetta Remix,130,Top 40,Doggy Style/Capitol,2011,1,Snoop Dogg,,,,,
241,Snoop Dogg,Sweat (Wet),N/A,67,Top 40,Doggy Style/Capitol,2011,1,Snoop Dogg,,,,,
242,Snoop Dogg,Those Gurlz,N/A,92,Urban,Doggystyle/Geffen,2008,1,Snoop Dogg,,,,,
243,Snoop Dogg,Those Gurlz,Clean Edit Clean,92,N/A,Doggystyle/Geffen,2008,1,Snoop Dogg,,,,,
244,Snoop Dogg,Ups And Downs,N/A,96,Hip-Hop,N/A,2005,1,Snoop Dogg,,,,,
245,Snoop Dogg,Ups & Downs,N/A,96,Urban,Stiff,2005,1,Snoop Dogg,,,,,
246,Snoop Dogg,Vato,N/A,91,N/A,Geffen/Interscope Records,2006,1,Snoop Dogg,,,,,
247,Snoop Dogg,Vato,Instrumental,91,N/A,Geffen,2006,1,Snoop Dogg,,,,,
248,Snoop Dogg,Who Am I? (What's My Name)?,N/A,97,Urban,Death Row Interscope,2004,1,Snoop Dogg,,,,,
249,"Snoop Dogg Feat. Master P, Nate Dogg, Butch Cassidy and Tha Eastsidaz",Lay Low,N/A,95,Hip-Hop,Doggy Style/no Limit/priority Records,2001,5,Snoop Dogg,Master P,Nate Dogg,Butch Cassidy,Tha Eastsidaz,
250,Snoop Dogg Feat Pharell,Beutiful,N/A,100,Hip-Hop,N/A,N/A,2,Snoop Dogg,Pharell,,,,
251,"Snoop Dogg Feat. Pharrell, Uncle Charlie Wilson",Beautiful,N/A,101,Hip-Hop,Priority Records,2003,3,Snoop Dogg,Pharrell,Uncle Charlie Wilson,,,
252,Snoop Dogg Feat. Tyrese & Mr. Tan,Just A Baby Boy,N/A,89,Hip-Hop,Universal Records,2001,3,Snoop Dogg,Tyrese,Mr. Tan,,,
253,"Snoop Dogg Featuring RBX, E-White And Soopafly",Not Like It Was,N/A,101,Hip-Hop,Doggy Style,2002,4,Snoop Dogg,RBX,E-White,Soopafly,,
254,Snoop Dogg Feat. Xzibit & Nate Dogg,B Please,N/A,95,Hip-Hop,No Limit/priority Records,1999,3,Snoop Dogg,Xzibit,Nate Dogg,,,
255,Snoop Dogg ft. B-Real,Vato,PO Clean Edit,91,Urban,Doggy Style Geffen,2006,2,Snoop Dogg,B-Real,,,,
256,Snoop Dogg ft. Charlie Wilson,Can't Say Goodbye,Clean Edit Clean,98,N/A,Doggy Style/Geffen,2008,2,Snoop Dogg,Charlie Wilson,,,,
257,Snoop Dogg ft. Charlie Wilson,One More Day,N/A,80,Other,N/A,2018,2,Snoop Dogg,Charlie Wilson,,,,
258,Snoop Dogg ft. Charlie Wilson,Peaches N Cream,Quick Edit,110,Hip-Hop,Columbia,2015,2,Snoop Dogg,Charlie Wilson,,,,
259,Snoop Dogg ft. Charlie Wilson,Peaches N Cream,Explicit,110,Hip-Hop,Columbia,2015,2,Snoop Dogg,Charlie Wilson,,,,
260,Snoop Dogg ft. Charlie Wilson,Peaches N Cream,N/A,110,Hip-Hop,Columbia,2015,2,Snoop Dogg,Charlie Wilson,,,,
261,Snoop Dogg ft. Charlie Wilson,Peaches N Cream,Clean,110,Hip-Hop,Columbia,2015,2,Snoop Dogg,Charlie Wilson,,,,
262,Snoop Dogg ft. Charlie Wilson & Justin Timberlake,Signs,MTV Version,113,Urban,Doggy Style Stiff,2005,3,Snoop Dogg,Charlie Wilson,Justin Timberlake,,,
263,Snoop Dogg ft. Charlie Wilson & Justin Timberlake,Signs,N/A,113,Top 40,Doggy Style Stiff,2005,3,Snoop Dogg,Charlie Wilson,Justin Timberlake,,,
264,Snoop Dogg ft. Dr. Dre,The Next Episode,N/A,95,Urban,Aftermath/Interscope,2008,2,Snoop Dogg,Dr. Dre,,,,
265,Snoop Dogg ft. Jay-Z,I Wanna Rock,Remix,91,Urban,Priority/Capitol,2010,2,Snoop Dogg,Jay-Z,,,,
266,Snoop Dogg ft. Jeremih,Point Seen Money Gone,Clean,102,Hip-Hop,eOne,2016,2,Snoop Dogg,Jeremih,,,,
267,Snoop Dogg ft. Jeremih,Point Seen Money Gone,Explicit,102,Hip-Hop,eOne,2016,2,Snoop Dogg,Jeremih,,,,
268,"Snoop Dogg ft. Jermaine Dupri, Ozuna & Slim Jxmmi",Do It When I'm In It,PO Intro Edit,94,Hip-Hop,PO Intro Edit,2019,4,Snoop Dogg,Jermaine Dupri,Ozuna,Slim Jxmmi,,
269,"Snoop Dogg ft. Jermaine Dupri, Ozuna & Slim Jxmmi",Do It When I'm In It,Explicit,94,Hip-Hop,Explicit,2019,4,Snoop Dogg,Jermaine Dupri,Ozuna,Slim Jxmmi,,
270,"Snoop Dogg ft. Jermaine Dupri, Ozuna & Slim Jxmmi",Do It When I'm In It,Clean Edit,94,Hip-Hop,Clean Edit,2019,4,Snoop Dogg,Jermaine Dupri,Ozuna,Slim Jxmmi,,
271,"Snoop Dogg ft. Jermaine Dupri, Ozuna & Slim Jxmmi",Do It When I'm In It,PO Quick Edit,94,Hip-Hop,PO Quick Edit,2019,4,Snoop Dogg,Jermaine Dupri,Ozuna,Slim Jxmmi,,
272,Snoop Dogg ft. Kid Cudi,That Tree,(Explicit),101,Urban,Priority/Capitol,2010,2,Snoop Dogg,Kid Cudi,,,,
273,Snoop Dogg ft. Marty James,New Year's Eve,Instrumental,95,N/A,Priority/Capitol,2010,2,Snoop Dogg,Marty James,,,,
274,Snoop Dogg ft. Marty James,New Year's Eve,N/A,95,Urban,Priority/Capitol,2010,2,Snoop Dogg,Marty James,,,,
275,Snoop Dogg ft. Nate Dogg,Boss Life,Instrumental,91,N/A,Doggy Style/Geffen Records,2007,2,Snoop Dogg,Nate Dogg,,,,
276,Snoop Dogg ft. Nate Dogg,Boss' Life,Explicit,91,N/A,Doggy Style/Geffen Records,2007,2,Snoop Dogg,Nate Dogg,,,,
277,Snoop Dogg ft. Nate Dogg,Boss' Life,Clean Edit,91,N/A,Doggy Style/Geffen Records,2007,2,Snoop Dogg,Nate Dogg,,,,
278,Snoop Dogg ft. Nate Dogg,Boss' Life,N/A,91,Urban,Doggy Style/Geffen Records,2007,2,Snoop Dogg,Nate Dogg,,,,
279,Snoop Dogg ft. Pharrell,Drop It Like It's Hot,N/A,92,Urban,Doggystyle/Star Trak/Geffen,2009,2,Snoop Dogg,Pharrell,,,,
280,Snoop Dogg ft. Pharrell,Drop It Like It's Hot,Remix,92,N/A,Doggy Style Geffen,2005,2,Snoop Dogg,Pharrell,,,,
281,Snoop Dogg ft. Pharrell,Let's Get Blown,N/A,106,Urban,Doggy Style Stiff,2005,2,Snoop Dogg,Pharrell,,,,
282,Snoop Dogg ft. Rance Allen,Blessing Me Again,N/A,84,Other,N/A,2018,2,Snoop Dogg,Rance Allen,,,,
283,Snoop Dogg ft. R. Kelly,That's That,Instrumental,82,N/A,Geffen,2006,2,Snoop Dogg,R. Kelly,,,,
284,Snoop Dogg ft. R. Kelly,That's That,Clean Edit,82,N/A,Geffen,2006,2,Snoop Dogg,R. Kelly,,,,
285,Snoop Dogg ft. R. Kelly,That's That,EXPLICIT,82,N/A,Doggy Style/Geffen Records,2007,2,Snoop Dogg,R. Kelly,,,,
286,Snoop Dogg ft. R. Kelly,That's That,PO Clean Edit,82,N/A,Doggy Style Geffen,2006,2,Snoop Dogg,R. Kelly,,,,
287,Snoop Dogg ft. R.Kelly,That's That,Clean Edit,82,N/A,Geffen Records,2007,2,Snoop Dogg,R.Kelly,,,,
288,Snoop Dogg ft. Stevie Wonder,California Roll,Clean Edit,79,Hip-Hop,Columbia,2015,2,Snoop Dogg,Stevie Wonder,,,,
289,Snoop Dogg ft. Stevie Wonder,California Roll,Explicit,79,Hip-Hop,Columbia,2015,2,Snoop Dogg,Stevie Wonder,,,,
290,Snoop Dogg ft. Stevie Wonder,California Roll,Quick Edit,79,Hip-Hop,Columbia,2015,2,Snoop Dogg,Stevie Wonder,,,,
291,Snoop Dogg ft. Stevie Wonder,California Roll,N/A,79,Hip-Hop,Columbia,2015,2,Snoop Dogg,Stevie Wonder,,,,
292,Snoop Dogg ft. The Bee Gees,Ups & Downs,N/A,96,Urban,Stiff,2005,2,Snoop Dogg,The Bee Gees,,,,
293,Snoop Dogg ft. The-Dream,Gangsta Luv,Main,102,N/A,Priority/Capitol,2010,2,Snoop Dogg,The-Dream,,,,
294,Snoop Dogg ft. The-Dream,Gangsta Luv,N/A,102,N/A,Priority/Capitol,2009,2,Snoop Dogg,The-Dream,,,,
295,Snoop Dogg ft. The-Dream,Gangsta Luv,(Explicit),102,N/A,Doggystyle/Priority/Capitol,2010,2,Snoop Dogg,The-Dream,,,,
296,Snoop Dogg ft. The Hustle Boyz,Check Yo Self,N/A,101,N/A,Priority/Capitol,2010,2,Snoop Dogg,The Hustle Boyz,,,,
297,Snoop Dogg ft. The Hustle Boyz,Check Yo Self,Clean Edit,101,N/A,Priority/Capitol,2010,2,Snoop Dogg,The Hustle Boyz,,,,
298,Snoop Dogg ft. The Hustle Boyz,Check Yo Self,Instrumental,101,N/A,Priority/Capitol,2010,2,Snoop Dogg,The Hustle Boyz,,,,
299,Snoop Dogg ft. T-Pain,Boom,N/A,104,N/A,Doggy Style/Capitol,2011,2,Snoop Dogg,T-Pain,,,,
300,Snoop Dogg ft. T-Pain,Boom,Instrumental,104,N/A,Doggy Style/Capitol,2011,2,Snoop Dogg,T-Pain,,,,
301,Snoop Dogg ft. Willie Nelson,My Medicine,N/A,96,Urban,Doggystyle/Geffen,2008,2,Snoop Dogg,Willie Nelson,,,,
302,Snoop Dogg ft. Wiz Khalifa,Kush Ups,Promo Only Clean Edit,75,Hip-Hop,eOne,2016,2,Snoop Dogg,Wiz Khalifa,,,,
303,Snoop Dogg ft. Wiz Khalifa,Kush Ups,Explicit,75,Hip-Hop,eOne,2016,2,Snoop Dogg,Wiz Khalifa,,,,
304,Snoop Dogg ft. Wiz Khalifa,Kush Ups,Clean Edit,75,Hip-Hop,eOne,2016,2,Snoop Dogg,Wiz Khalifa,,,,
305,Snoop Dogg ft. Xzibit & Nate Dogg,B Please,N/A,95,Rock,No Limit/Priority,2011,3,Snoop Dogg,Xzibit,Nate Dogg,,,
306,Snoop Dogg/Justin Timberlake,Signs,Radio,113,R&B,Doggy Style/star Trax/geffen,2005,2,Snoop Dogg,Justin Timberlake,,,,
307,"Snoop Dogg,  Nate Dogg,  Master P & Butch Cassidy",Lay Low,N/A,95,N/A,No Limit/Priority,2006,4,Snoop Dogg,Nate Dogg,Master P,Butch Cassidy,,
308,Snoop Dogg Presents Tha Eastsidaz Feat. Jayo Felony And Blaqthoven,Got Beef,N/A,89,Hip-Hop,Tvt Records,2000,4,Snoop Dogg,Tha Eastsidaz,Jayo Felony,Blaqthoven,,
309,Snoop Dogg Pres. Tha Eastsidaz,G'd Up,Clean Version,98,Hip-Hop,Tvt Records,2000,2,Snoop Dogg,Tha Eastsidaz,,,,
310,Snoop Dogg Pres. Tha Eastsidaz,G'd Up,N/A,98,Rock,TVT,2014,2,Snoop Dogg,Tha Eastsidaz,,,,
311,Snoop Dogg vs David Guetta,Wet,David Guetta Extended Remix,130,N/A,Capitol,2011,2,Snoop Dogg,David Guetta,,,,
312,Snoop Doggy Dogg,From The Chuuuchâ€¦,N/A,98,Hip-Hop,N/A,N/A,1,Snoop Doggy Dogg,,,,,
313,Snoop Doggy Dogg,Gin & Juice,N/A,96,Hip-Hop,N/A,N/A,1,Snoop Doggy Dogg,,,,,
314,Snoop Doggy Dogg,Murder Was The Case,N/A,88,Rock,Death Row/Interscope/Atlantic,2010,1,Snoop Doggy Dogg,,,,,
315,Snoop Doggy Dogg,Snoop's Up Side Your Head,N/A,100,Hip-Hop,Death Row Records,1996,1,Snoop Doggy Dogg,,,,,
316,Snoop Doggy Dogg,Vapors,N/A,90,Hip-Hop,Death Row Records,1997,1,Snoop Doggy Dogg,,,,,
317,Snoop Doggy Dogg,Who Am I (what's My Name),N/A,97,Hip-Hop,N/A,N/A,1,Snoop Doggy Dogg,,,,,
318,SNOOP DOGGY DOGG,Aint No Fun,N/A,100,Hip-Hop,Death Row,1994,1,SNOOP DOGGY DOGG,,,,,
319,Snoop Doggy Dogg Feat. Marvin,Dance With Me,N/A,108,N/A,N/A,N/A,2,Snoop Doggy Dogg,Marvin,,,,
320,Snoop Doggy Dogg & Kurupt,Ride On,Dj Quik Mix,97,Hip-Hop,Noo Trybe Records,1998,2,Snoop Doggy Dogg,Kurupt,,,,
321,Tha Dogg Pound ft. Snoop Dogg,Cali Iz Active,N/A,104,N/A,Doggy Style Koch,2006,2,Tha Dogg Pound,Snoop Dogg,,,,
322,Tha Dogg Pound ft. Snoop Dogg,Cali Iz Active,PO Clean Edit,104,N/A,Doggy Style Koch,2006,2,Tha Dogg Pound,Snoop Dogg,,,,
323,"The Alchemist ft. Jadakiss, Snoop Dogg & Pusha T",Lose Your Life,(Explicit),87,N/A,KOCH,2009,4,The Alchemist,Jadakiss,Snoop Dogg,Pusha T,,
324,"The Alchemist ft. Jadakiss, Snoop Dogg, Pusha T",Lose Your Life,N/A,85,Urban,KOCH,2009,4,The Alchemist,Jadakiss,Snoop Dogg,Pusha T,,
325,The Black Eyed Peas ft. Snoop Dogg,Be Nice,N/A,105,N/A,N/A,2019,2,The Black Eyed Peas,Snoop Dogg,,,,
326,"The Dogg Pound ft. Kurupt, Daz, Snoop Dogg",Call Iz Active,N/A,104,N/A,KOCH Records,2006,4,The Dogg Pound,Kurupt,Daz,Snoop Dogg,,
327,The Dogg Pound ft. Snoop Dogg,Cali Iz Active,EXPLICIT,104,N/A,Doggy Style/KOCH Records,2006,2,The Dogg Pound,Snoop Dogg,,,,
328,The Dogg Pound ft. Snoop Dogg,Vibe,N/A,82,Urban,KOCH Records,2007,2,The Dogg Pound,Snoop Dogg,,,,
329,The Dogg Pound ft. Snoop Dogg,Vibe,Explicit,82,N/A,KOCH Records,2007,2,The Dogg Pound,Snoop Dogg,,,,
330,The Pussycat Dolls ft. Big Snoop Dogg,Buttons,N/A,105,Top 40,A&M/Interscope,2006,2,The Pussycat Dolls,Big Snoop Dogg,,,,
331,The Pussycat Dolls ft. Snoop Dogg,Buttons,N/A,105,Top 40,Stiff A&M,2006,2,The Pussycat Dolls,Snoop Dogg,,,,
332,Tiffany Foxx ft. Snoop Dogg,Shake That,N/A,95,Urban,Koch,2006,2,Tiffany Foxx,Snoop Dogg,,,,
333,TLC ft. Snoop Dogg,Way Back,Lyric Video - Explicit,85,Urban,852 Musiq,2017,2,TLC,Snoop Dogg,,,,
334,W.C. Feat. Snoop Dogg & Nate Dogg,The Streets,Remix,97,Hip-Hop,Island Def Jam Music,2002,3,W.C.,Snoop Dogg,Nate Dogg,,,
335,Westurn Union ft. Snoop Dogg,Hat 2 the Bacc,N/A,95,Urban,Doggy Style/KOCH Records,2007,2,Westurn Union,Snoop Dogg,,,,
336,"Wiz Khalifa ft. Juicy J, Snoop Dogg & T-Pain",Black & Yellow,G-Mix,82,Urban,Rostrum/Atlantic,2011,4,Wiz Khalifa,Juicy J,Snoop Dogg,T-Pain,,
337,"Wiz Khalifa ft. Juicy J, Snoop Dogg, & T-Pain",Black & Yellow,G-Mix,82,N/A,Rostrum/Atlantic,2011,4,Wiz Khalifa,Juicy J,Snoop Dogg,& T-Pain,,
338,Wiz Khalifa ft. Snoop Dogg & Bruno Mars,"Young, Wild & Free",(Explicit),95,N/A,Rostrum/Atlantic,2012,3,Wiz Khalifa,Snoop Dogg,Bruno Mars,,,
339,Wiz Khalifa ft. Snoop Dogg & Bruno Mars,"Young, Wild & Free",Clean Version,95,Pop,Clean Version,2018,3,Wiz Khalifa,Snoop Dogg,Bruno Mars,,,
340,Wiz Khalifa ft. Snoop Dogg & Bruno Mars,"Young, Wild & Free",N/A,95,N/A,Rostrum/Atlantic,2011,3,Wiz Khalifa,Snoop Dogg,Bruno Mars,,,
341,Wiz Khalifa ft. Snoop Dogg & Bruno Mars,"Young, Wild & Free",Clean,95,N/A,Rostrum/Atlantic,2011,3,Wiz Khalifa,Snoop Dogg,Bruno Mars,,,
342,"Wiz Khalifa ft. Snoop Dogg, Juicy J & T-Pain",Black & Yellow,G Mix Clean Edit,82,N/A,Rostrum/Atlantic,2011,4,Wiz Khalifa,Snoop Dogg,Juicy J,T-Pain,,
343,"Wiz Khalifa ft. Snoop Dogg, Juicy J & T-Pain",Black & Yellow,G-Mix,82,N/A,Rostrum/Atlantic,2011,4,Wiz Khalifa,Snoop Dogg,Juicy J,T-Pain,,
344,"Wiz Khalifa ft. Snoop Dogg, Juicy J & T-Pain",Black & Yellow,G-Mix Instrumental,82,N/A,Rostrum/Atlantic,2011,4,Wiz Khalifa,Snoop Dogg,Juicy J,T-Pain,,
345,Wiz Khalifa ft. Snoop Dogg & Ty Dolla $ign,You & Your Friends,EXPLICIT,97,Urban,Rostrum/Atlantic,2015,3,Wiz Khalifa,Snoop Dogg,Ty Dolla $ign,,,
346,Wiz Khalifa ft. Snoop Dogg & Ty Dolla $ign,You & Your Friends,Clean,97,Hip-Hop,Rostrum/Atlantic,2014,3,Wiz Khalifa,Snoop Dogg,Ty Dolla $ign,,,
347,Wiz Khalifa ft. Snoop Dogg & Ty Dolla $ign,You & Your Friends,Quick Edit,97,Hip-Hop,Rostrum/Atlantic,2014,3,Wiz Khalifa,Snoop Dogg,Ty Dolla $ign,,,
348,Wiz Khalifa ft. Snoop Dogg & Ty Dolla $ign,You & Your Friends,N/A,97,Urban,Rostrum/Atlantic,2015,3,Wiz Khalifa,Snoop Dogg,Ty Dolla $ign,,,
349,Wiz Khalifa ft. Snoop Dogg & Ty Dolla $ign,You & Your Friends,Quick Edit*,97,Urban,Rostrum/Atlantic,2015,3,Wiz Khalifa,Snoop Dogg,Ty Dolla $ign,,,
